id,mapa,poblacion_inicial,semilla,algoritmo,evacuados,fallecidos,pendientes,supervivencia,turnos_ejecutados,turno_ultimo_evacuado,motivo_termino,movimientos,esperas,planificaciones,segundos_ejecucion
5609062b9a9a94342f1cc3c77b7c0c96b39aaa54022eae9b67fb26aa724dd1c4,/home/stack/schl/Escape-Torre-IA/maps/bottleneck.txt,80,100,bfs,67,13,0,0.8375,73,58,sin_agentes_pendientes,2723,71,192,0.8257052560002194
33dbaf8a4d06511781f2682544287dd086c2c6168de32ae7b742450153fabc15,/home/stack/schl/Escape-Torre-IA/maps/bottleneck.txt,80,100,a_star,66,14,0,0.825,73,58,sin_agentes_pendientes,2697,82,211,0.9147109810000984
38abe794998fc3af459191d2babadbd9bc4783f05e2d88846b5a7c80abde3424,/home/stack/schl/Escape-Torre-IA/maps/bottleneck.txt,80,101,bfs,67,13,0,0.8375,65,65,sin_agentes_pendientes,2569,32,173,0.7384655909991125
dc5c351e99dfc9ce18d3844434e1ebe162cb9d4a6f9f5c45b4293eb9240158ad,/home/stack/schl/Escape-Torre-IA/maps/bottleneck.txt,80,101,a_star,67,13,0,0.8375,65,65,sin_agentes_pendientes,2555,23,154,0.48980538199975854
a4680dbec98f647a0330a27e49711a2a6ef12d0cdb3444be615e2114f2785164,/home/stack/schl/Escape-Torre-IA/maps/bottleneck.txt,180,100,bfs,108,72,0,0.6,74,62,sin_agentes_pendientes,5978,1813,981,1.9368100739993679
c33472021ae1ec0843ac043822dcaedde3b8c5d686f15fbc6372cbfb5882e3fd,/home/stack/schl/Escape-Torre-IA/maps/bottleneck.txt,180,100,a_star,108,72,0,0.6,74,62,sin_agentes_pendientes,5977,1650,874,1.8300061499976437
1817083635390823fd10905221de394d6a899246edd166a87957999ca694a9c6,/home/stack/schl/Escape-Torre-IA/maps/bottleneck.txt,180,101,bfs,145,35,0,0.8055555555555556,80,80,sin_agentes_pendientes,5772,1519,743,1.6314694290012994
39c78ecb7bfa6554a4942749a79353f6af634e4e667e31a01f84b6260356232d,/home/stack/schl/Escape-Torre-IA/maps/bottleneck.txt,180,101,a_star,142,38,0,0.7888888888888889,79,79,sin_agentes_pendientes,5622,1351,665,1.3579055109985347
3f95740a6207e3d72280ab2781baed7fe20187f68e7c0b8b3b2ba8b499d42701,/home/stack/schl/Escape-Torre-IA/maps/bottleneck.txt,300,100,bfs,114,186,0,0.38,80,62,sin_agentes_pendientes,9182,5248,2562,3.8380347300007998
9e020fcaaa2a908cadfdc3684ff78806aa06acd4516ebc4a06123a0df808d57e,/home/stack/schl/Escape-Torre-IA/maps/bottleneck.txt,300,100,a_star,114,186,0,0.38,76,62,sin_agentes_pendientes,9409,4771,2185,3.2820652600021276
70c68dec9e777f789072d11e14c585dba02b730f6c7f50317eb0e4efebe75f9d,/home/stack/schl/Escape-Torre-IA/maps/bottleneck.txt,300,101,bfs,152,148,0,0.5066666666666667,88,81,sin_agentes_pendientes,8709,5894,2330,3.1225927569976193
927db5c87fcb9bb2146cb110ccde17ef00ce1d86d00ad8af2030242dc8e90abd,/home/stack/schl/Escape-Torre-IA/maps/bottleneck.txt,300,101,a_star,152,148,0,0.5066666666666667,91,81,sin_agentes_pendientes,9041,5602,2096,2.99817123899993
ef08d8dd7691d32b37df96103eed880f0f429d7bf91ddaaa55e355ddd65c020a,/home/stack/schl/Escape-Torre-IA/maps/corporate_maze.txt,80,100,bfs,40,40,0,0.5,82,49,sin_agentes_pendientes,2653,358,601,1.437846212000295
cbb959ff5041d436030ec0dcdfd5e1df6d8cca0d76f487eda9163b6bf0099c23,/home/stack/schl/Escape-Torre-IA/maps/corporate_maze.txt,80,100,a_star,41,39,0,0.5125,79,49,sin_agentes_pendientes,2814,393,609,1.4071751019982912
be61d3777115b1564fbfb8a99c77d7002002ce82355241c88db183980f75d39c,/home/stack/schl/Escape-Torre-IA/maps/corporate_maze.txt,80,101,bfs,78,2,0,0.975,77,77,sin_agentes_pendientes,3187,90,96,0.615769691998139
cb88d2f8f88eeed971f2900d4913ffbfa0a2bac4fa5235c6c8de8f565e69c467,/home/stack/schl/Escape-Torre-IA/maps/corporate_maze.txt,80,101,a_star,77,3,0,0.9625,77,77,sin_agentes_pendientes,3126,90,96,0.49241094299941324
235e4c68f49cc74798b33c5825b990c3b8c01e374feec834c6b3bcfc5189a206,/home/stack/schl/Escape-Torre-IA/maps/corporate_maze.txt,180,100,bfs,84,96,0,0.4666666666666667,82,52,sin_agentes_pendientes,5883,1444,1474,3.155717530000402
6ff634b7598aa962f6d7d91bad0d9ccb8fb23d4547397a7346d9ed8cf8953238,/home/stack/schl/Escape-Torre-IA/maps/corporate_maze.txt,180,100,a_star,84,96,0,0.4666666666666667,80,52,sin_agentes_pendientes,5786,1291,1346,2.79533582500153
f5636e5686a69e1792738c2ee1ae7ad825e1589c60eb378025adac9a91d50111,/home/stack/schl/Escape-Torre-IA/maps/corporate_maze.txt,180,101,bfs,170,10,0,0.9444444444444444,101,97,sin_agentes_pendientes,7347,2472,724,1.683853223999904
4edea7ea20829aec7f7b6349fe4b0ef562b8dcaf0bf9ea2c1a3de5754ed7d5aa,/home/stack/schl/Escape-Torre-IA/maps/corporate_maze.txt,180,101,a_star,170,10,0,0.9444444444444444,100,97,sin_agentes_pendientes,7236,2396,753,1.4625783129995398
f454d9dd834147fd1b544d8bc1d0de7fe5fa529c6180e2f9d8f4732b01634372,/home/stack/schl/Escape-Torre-IA/maps/corporate_maze.txt,300,100,bfs,91,209,0,0.30333333333333334,82,52,sin_agentes_pendientes,8751,3756,2727,5.278723152998282
90cfccae469b52e3b0da2b9f8e6d144d15a1fac33911db6ee5f3575395bb73e4,/home/stack/schl/Escape-Torre-IA/maps/corporate_maze.txt,300,100,a_star,91,209,0,0.30333333333333334,83,52,sin_agentes_pendientes,8834,3650,2666,5.17876901499767
971ed25add73c69aea08c4ad5a4f5e4281d8b8d19c75a93a4b055f57f2cc9b7c,/home/stack/schl/Escape-Torre-IA/maps/corporate_maze.txt,300,101,bfs,177,123,0,0.59,111,97,sin_agentes_pendientes,10445,9435,3102,4.250956264000706
74edcc8949d69c34291829aab1b0e468d30cd358196d6fbf0e5c0e0c0012d241,/home/stack/schl/Escape-Torre-IA/maps/corporate_maze.txt,300,101,a_star,177,123,0,0.59,113,97,sin_agentes_pendientes,11043,9600,3313,4.431174450000981
9edeb01b85ec6530b2af6ee308d6ba6de34cfb2748c2cff7242dfaeeaa345d4d,/home/stack/schl/Escape-Torre-IA/maps/open_area.txt,80,100,bfs,54,26,0,0.675,75,51,sin_agentes_pendientes,2328,104,312,1.2983683880011085
1a2211078f6387fcc3716a84a9c469ccabed9038552b60312a039ff64c101425,/home/stack/schl/Escape-Torre-IA/maps/open_area.txt,80,100,a_star,57,23,0,0.7125,75,51,sin_agentes_pendientes,2398,107,257,0.8185888230000273
2df7c00987f4e7c3f51cd2ab1b6dbaa1b6ec4b0f7ea6f6e8477239236817ec2b,/home/stack/schl/Escape-Torre-IA/maps/open_area.txt,80,101,bfs,65,15,0,0.8125,66,51,sin_agentes_pendientes,2304,44,171,0.9067191169997386
bc0b8e6487ac330dfc847c95029f3980fc76531a5fbf67fad282d6e64f01fb9e,/home/stack/schl/Escape-Torre-IA/maps/open_area.txt,80,101,a_star,65,15,0,0.8125,66,51,sin_agentes_pendientes,2311,43,174,0.6438291890008259
8766e2c2d86b4c00f005d0799a6a310cb6077c37844564de8805dc6721818392,/home/stack/schl/Escape-Torre-IA/maps/open_area.txt,180,100,bfs,88,92,0,0.4888888888888889,75,52,sin_agentes_pendientes,4913,1615,1266,3.5373368350010423
8aadef8530345903ba08f345594b5cf4042ad2a05b7282985b67ed2b60c2d7e7,/home/stack/schl/Escape-Torre-IA/maps/open_area.txt,180,100,a_star,88,92,0,0.4888888888888889,71,52,sin_agentes_pendientes,5396,1345,955,1.846090405000723
d9e38f417bc3231cf4d976c9d3184c303f1f6de14a4f7f98018a28ec32cb3d2c,/home/stack/schl/Escape-Torre-IA/maps/open_area.txt,180,101,bfs,90,90,0,0.5,80,52,sin_agentes_pendientes,5015,1489,1070,2.551816361999954
1658c7fc24e6fce0963fa8ab2e3ef16a8b9b8bb91fe399286973f45a23a7e3c4,/home/stack/schl/Escape-Torre-IA/maps/open_area.txt,180,101,a_star,90,90,0,0.5,80,52,sin_agentes_pendientes,5242,1344,894,1.65784530000019
b785fcfc5d5d52a9dab011cac7614f41738de2080aaa32ed7e94eeaf644347a4,/home/stack/schl/Escape-Torre-IA/maps/open_area.txt,300,100,bfs,90,210,0,0.3,78,52,sin_agentes_pendientes,7293,5010,3308,8.401230652001686
a9a73233af9e6bf67de3c8b59d352bcc4dd227d1e015358c2230bb0642bfd3ee,/home/stack/schl/Escape-Torre-IA/maps/open_area.txt,300,100,a_star,90,210,0,0.3,64,52,sin_agentes_pendientes,8586,3455,1882,3.73175435200028
13b8805f64a890dbf475537183e234662b355c1fa19e87e3b2c0d3c47ef16553,/home/stack/schl/Escape-Torre-IA/maps/open_area.txt,300,101,bfs,91,209,0,0.30333333333333334,80,52,sin_agentes_pendientes,7506,5313,3194,6.612101185000938
a6c301278e5337fe076e1c90f3cb87064c56db960aa61630aa57539a6252065b,/home/stack/schl/Escape-Torre-IA/maps/open_area.txt,300,101,a_star,91,209,0,0.30333333333333334,73,52,sin_agentes_pendientes,8475,4045,2162,3.3282670110020263
